<?xml version="1.0" encoding="UTF-8"?><?xml-stylesheet type='text/xsl' href='_UpgradeReport_Files/UpgradeReport.xslt'?><UpgradeLog>
<Properties><Property Name="Solution" Value="Sensor">
</Property><Property Name="解决方案文件" Value="E:\gbug\Today_CDL\Component\Sensor\Sensor.sln">
</Property><Property Name="Date" Value="2019年7月3日 星期三">
</Property><Property Name="Time" Value="上午 11:34:04">
</Property></Properties><Event ErrorLevel="0" Project="Sensor" Source="Sensor.vcproj" Description="Converting project file 'E:\gbug\Today_CDL\Component\Sensor\Sensor.vcproj'.">
</Event><Event ErrorLevel="1" Project="Sensor" Source="Sensor.vcproj" Description="This application has been updated to include settings related to the User Account Control (UAC) feature of Windows Vista. By default, when run on Windows Vista with UAC enabled, this application is marked to run with the same privileges as the process that launched it. This marking also disables the application from running with virtualization. You can change UAC related settings from the Property Pages of the project.">
</Event><Event ErrorLevel="1" Project="Sensor" Source="Sensor.vcproj" Description="VCWebServiceProxyGeneratorTool is no longer supported. The tool has been removed from your project settings.">
</Event><Event ErrorLevel="0" Project="Sensor" Source="Sensor.vcproj" Description="Web deployment to the local IIS server is no longer supported. The Web Deployment build tool has been removed from your project settings.">
</Event><Event ErrorLevel="0" Project="Sensor" Source="Sensor.vcproj" Description="Done converting to new project file 'E:\gbug\Today_CDL\Component\Sensor\Sensor.vcxproj'.">
</Event><Event ErrorLevel="3" Project="Sensor" Source="Sensor.vcproj" Description="Converted">
</Event></UpgradeLog>